SYN_avgSentenceLength,TRAD_numSyll,Word_TTR,Word_numWords,readinglevel
19.38,1.55,0.45,698.0,2
14.63,1.51,0.43,483.0,0
18.15,1.53,0.44,581.0,1
25.94,1.44,0.48,493.0,2
22.27,1.36,0.43,490.0,0
24.75,1.45,0.47,495.0,1
21.47,1.38,0.45,1031.0,2
19.61,1.28,0.48,510.0,0
21.22,1.36,0.47,764.0,1
32.03,1.35,0.49,865.0,2
22.78,1.28,0.49,524.0,0
28.72,1.3,0.5,632.0,1
29.03,1.27,0.41,842.0,2
21.52,1.12,0.41,452.0,0
30.8,1.25,0.41,647.0,1
27.41,1.42,0.45,658.0,2
23.72,1.3,0.44,427.0,0
24.0,1.33,0.44,552.0,1
20.13,1.39,0.44,1067.0,2
16.97,1.39,0.4,747.0,0
19.38,1.39,0.42,950.0,1
27.96,1.55,0.41,895.0,2
20.67,1.45,0.39,641.0,0
22.6,1.5,0.4,746.0,1
32.5,1.44,0.46,715.0,2
21.52,1.25,0.44,452.0,0
23.0,1.4,0.46,575.0,1
25.02,1.52,0.47,976.0,2
20.18,1.49,0.45,646.0,0
22.02,1.51,0.46,793.0,1
31.36,1.51,0.45,784.0,2
22.95,1.41,0.4,528.0,0
30.0,1.5,0.44,660.0,1
29.56,1.46,0.42,739.0,2
21.63,1.25,0.44,411.0,0
27.64,1.4,0.46,470.0,1
28.47,1.44,0.48,655.0,2
23.91,1.38,0.47,550.0,0
27.86,1.44,0.48,641.0,1
26.0,1.34,0.41,1040.0,2
19.96,1.36,0.42,639.0,0
24.08,1.35,0.4,891.0,1
21.96,1.28,0.45,681.0,2
18.52,1.22,0.41,630.0,0
21.31,1.26,0.43,682.0,1
19.76,1.32,0.43,1028.0,2
16.71,1.27,0.42,702.0,0
19.66,1.29,0.42,1003.0,1
22.95,1.41,0.43,987.0,2
16.81,1.37,0.39,723.0,0
21.56,1.37,0.42,841.0,1
23.38,1.49,0.43,795.0,2
20.03,1.44,0.45,521.0,0
21.66,1.5,0.45,650.0,1
24.71,1.5,0.37,1112.0,2
18.85,1.27,0.38,641.0,0
23.08,1.42,0.39,854.0,1
23.28,1.25,0.39,1048.0,2
18.44,1.18,0.36,701.0,0
21.74,1.25,0.39,848.0,1
19.86,1.19,0.46,914.0,2
16.42,1.1,0.44,690.0,0
18.37,1.18,0.45,790.0,1
30.76,1.56,0.45,769.0,2
22.04,1.36,0.46,463.0,0
24.66,1.47,0.45,592.0,1
17.14,1.23,0.38,1149.0,2
14.58,1.19,0.39,744.0,0
14.79,1.2,0.38,917.0,1
21.21,1.44,0.4,870.0,2
17.88,1.34,0.44,447.0,0
19.91,1.39,0.42,677.0,1
24.28,1.44,0.44,923.0,2
17.6,1.34,0.42,528.0,0
20.28,1.43,0.43,791.0,1
32.05,1.41,0.39,1090.0,2
19.05,1.2,0.36,724.0,0
23.41,1.31,0.39,796.0,1
24.27,1.42,0.48,874.0,2
19.85,1.34,0.44,675.0,0
22.44,1.39,0.46,763.0,1
16.95,1.36,0.4,1102.0,2
15.24,1.31,0.38,762.0,0
15.6,1.35,0.41,874.0,1
27.74,1.53,0.5,860.0,2
21.95,1.48,0.52,461.0,0
26.68,1.52,0.49,667.0,1
21.39,1.39,0.45,1134.0,2
15.3,1.39,0.44,704.0,0
16.96,1.41,0.45,916.0,1
27.53,1.45,0.46,716.0,2
20.06,1.3,0.47,301.0,0
22.83,1.36,0.48,411.0,1
27.81,1.42,0.43,918.0,2
19.58,1.3,0.38,666.0,0
23.4,1.34,0.42,749.0,1
23.84,1.37,0.38,1097.0,2
20.79,1.27,0.38,707.0,0
22.62,1.34,0.39,905.0,1
25.39,1.48,0.45,965.0,2
18.5,1.34,0.47,481.0,0
21.04,1.39,0.42,863.0,1
25.28,1.37,0.43,961.0,2
19.37,1.29,0.42,717.0,0
22.35,1.36,0.42,894.0,1
25.8,1.3,0.4,1058.0,2
20.92,1.26,0.41,565.0,0
24.23,1.3,0.42,727.0,1
23.4,1.39,0.43,702.0,2
19.55,1.41,0.41,528.0,0
22.24,1.39,0.43,645.0,1
23.21,1.37,0.45,882.0,2
19.6,1.25,0.43,588.0,0
22.31,1.34,0.43,848.0,1
22.21,1.41,0.47,844.0,2
15.84,1.27,0.46,523.0,0
19.85,1.38,0.46,695.0,1
24.22,1.38,0.41,751.0,2
21.41,1.3,0.42,514.0,0
22.77,1.35,0.42,615.0,1
28.0,1.51,0.46,700.0,2
20.9,1.44,0.44,418.0,0
22.11,1.49,0.45,575.0,1
27.13,1.6,0.4,1004.0,2
18.44,1.39,0.42,535.0,0
23.58,1.53,0.42,731.0,1
26.2,1.56,0.37,1048.0,2
25.28,1.42,0.38,632.0,0
25.38,1.51,0.36,863.0,1
21.73,1.38,0.42,1065.0,2
20.0,1.32,0.47,540.0,0
19.35,1.34,0.43,813.0,1
22.75,1.46,0.47,637.0,2
19.33,1.41,0.44,580.0,0
21.27,1.42,0.46,617.0,1
18.87,1.26,0.41,1057.0,2
17.31,1.17,0.41,814.0,0
17.35,1.21,0.4,937.0,1
25.48,1.44,0.41,1096.0,2
21.12,1.28,0.45,528.0,0
23.44,1.42,0.43,797.0,1
27.6,1.62,0.44,911.0,2
23.45,1.53,0.43,563.0,0
26.58,1.62,0.45,771.0,1
23.58,1.32,0.39,849.0,2
22.39,1.26,0.41,515.0,0
23.86,1.31,0.4,692.0,1
25.19,1.21,0.41,1033.0,2
18.6,1.14,0.4,707.0,0
21.16,1.19,0.42,783.0,1
22.9,1.3,0.39,939.0,2
16.96,1.16,0.4,526.0,0
20.36,1.23,0.39,733.0,1
22.45,1.41,0.43,786.0,2
18.17,1.32,0.38,709.0,0
20.69,1.37,0.41,745.0,1
32.0,1.25,0.42,1056.0,2
21.36,1.18,0.39,769.0,0
26.27,1.25,0.42,867.0,1
25.52,1.25,0.39,1072.0,2
21.71,1.23,0.39,695.0,0
23.62,1.23,0.39,827.0,1
24.52,1.26,0.43,1030.0,2
18.12,1.18,0.42,743.0,0
20.97,1.25,0.44,860.0,1
30.0,1.39,0.45,1110.0,2
17.65,1.28,0.42,671.0,0
27.31,1.36,0.46,792.0,1
26.8,1.44,0.47,831.0,2
22.5,1.42,0.49,450.0,0
22.56,1.42,0.48,722.0,1
19.05,1.56,0.41,1010.0,2
15.9,1.54,0.4,525.0,0
18.27,1.5,0.39,859.0,1
23.02,1.44,0.41,1013.0,2
22.09,1.36,0.44,464.0,0
20.45,1.39,0.41,757.0,1
22.97,1.46,0.53,965.0,2
17.47,1.36,0.48,629.0,0
20.57,1.42,0.5,823.0,1
23.31,1.56,0.46,1026.0,2
18.12,1.47,0.46,580.0,0
21.91,1.52,0.45,811.0,1
29.57,1.46,0.48,976.0,2
19.67,1.35,0.44,610.0,0
25.03,1.43,0.45,801.0,1
24.96,1.47,0.5,649.0,2
16.07,1.33,0.52,418.0,0
19.11,1.4,0.52,497.0,1
25.45,1.48,0.39,840.0,2
19.77,1.47,0.38,613.0,0
24.96,1.47,0.39,774.0,1
23.46,1.09,0.36,704.0,2
18.45,1.05,0.35,646.0,0
22.61,1.07,0.34,701.0,1
20.69,1.35,0.41,952.0,2
18.0,1.31,0.41,684.0,0
17.48,1.35,0.41,857.0,1
26.9,1.48,0.43,888.0,2
18.06,1.43,0.42,578.0,0
23.96,1.43,0.45,719.0,1
22.95,1.31,0.39,964.0,2
18.27,1.24,0.37,676.0,0
19.9,1.3,0.38,816.0,1
27.91,1.56,0.44,1033.0,2
18.87,1.54,0.41,736.0,0
22.45,1.57,0.43,831.0,1
30.68,1.46,0.41,675.0,2
22.62,1.49,0.4,543.0,0
28.08,1.47,0.41,646.0,1
20.25,1.44,0.4,891.0,2
16.38,1.22,0.42,426.0,0
20.18,1.39,0.39,767.0,1
27.03,1.42,0.47,838.0,2
22.0,1.38,0.5,374.0,0
23.39,1.42,0.46,655.0,1
24.53,1.58,0.42,1006.0,2
19.44,1.41,0.4,525.0,0
21.32,1.48,0.4,661.0,1
22.45,1.37,0.46,1033.0,2
17.32,1.26,0.45,693.0,0
20.87,1.35,0.48,856.0,1
18.15,1.23,0.42,817.0,2
15.36,1.15,0.42,630.0,0
15.55,1.19,0.4,731.0,1
27.03,1.51,0.44,784.0,2
20.7,1.4,0.39,559.0,0
22.37,1.49,0.44,716.0,1
18.51,1.44,0.45,963.0,2
17.04,1.43,0.42,716.0,0
17.71,1.47,0.45,815.0,1
28.57,1.55,0.44,800.0,2
19.71,1.4,0.4,631.0,0
22.54,1.47,0.44,744.0,1
27.1,1.23,0.41,1030.0,2
16.43,1.15,0.38,756.0,0
22.83,1.22,0.39,959.0,1
19.55,1.49,0.43,1017.0,2
15.97,1.44,0.45,591.0,0
19.52,1.47,0.43,859.0,1
18.74,1.41,0.43,731.0,2
14.51,1.32,0.41,595.0,0
16.14,1.37,0.43,678.0,1
25.03,1.31,0.45,751.0,2
19.37,1.21,0.43,562.0,0
22.07,1.3,0.44,618.0,1
24.58,1.55,0.48,836.0,2
16.06,1.43,0.47,482.0,0
21.02,1.47,0.45,715.0,1
22.39,1.39,0.43,851.0,2
16.8,1.35,0.43,521.0,0
19.16,1.35,0.41,709.0,1
24.08,1.42,0.44,1132.0,2
17.0,1.29,0.48,425.0,0
20.72,1.38,0.48,684.0,1
23.9,1.47,0.48,741.0,2
19.11,1.4,0.46,650.0,0
21.6,1.45,0.47,713.0,1
22.74,1.42,0.44,1342.0,2
18.82,1.25,0.43,885.0,0
20.64,1.34,0.43,1156.0,1
31.56,1.28,0.44,789.0,2
18.87,1.16,0.41,604.0,0
25.0,1.27,0.43,700.0,1
20.85,1.5,0.5,709.0,2
17.82,1.34,0.5,410.0,0
18.61,1.42,0.51,484.0,1
30.78,1.59,0.44,862.0,2
20.19,1.55,0.43,626.0,0
26.11,1.56,0.44,679.0,1
18.02,1.24,0.4,811.0,2
14.83,1.18,0.38,712.0,0
17.04,1.22,0.39,750.0,1
28.96,1.4,0.45,782.0,2
20.0,1.35,0.43,580.0,0
27.23,1.4,0.44,708.0,1
21.36,1.32,0.41,983.0,2
17.21,1.27,0.44,654.0,0
20.02,1.29,0.42,821.0,1
27.4,1.55,0.44,822.0,2
22.07,1.49,0.43,618.0,0
25.71,1.53,0.44,720.0,1
25.21,1.25,0.37,1059.0,2
22.45,1.21,0.37,696.0,0
23.81,1.25,0.37,905.0,1
21.36,1.29,0.41,1068.0,2
17.1,1.25,0.38,787.0,0
20.04,1.28,0.41,882.0,1
23.04,1.37,0.41,1129.0,2
18.22,1.24,0.45,565.0,0
19.72,1.32,0.41,927.0,1
23.11,1.34,0.38,1549.0,2
16.37,1.27,0.36,1015.0,0
21.87,1.35,0.39,1225.0,1
26.6,1.52,0.45,798.0,2
20.09,1.4,0.39,623.0,0
23.79,1.49,0.44,690.0,1
29.09,1.51,0.47,611.0,2
17.8,1.49,0.47,374.0,0
20.95,1.51,0.47,503.0,1
32.96,1.32,0.44,824.0,2
21.93,1.29,0.39,658.0,0
26.84,1.33,0.44,698.0,1
27.62,1.41,0.45,967.0,2
19.87,1.32,0.42,656.0,0
22.7,1.38,0.43,840.0,1
24.02,1.36,0.43,817.0,2
19.83,1.27,0.42,595.0,0
23.39,1.35,0.45,655.0,1
19.12,1.4,0.45,1071.0,2
17.02,1.36,0.44,630.0,0
16.87,1.4,0.45,810.0,1
29.7,1.4,0.48,713.0,2
22.53,1.32,0.45,631.0,0
25.22,1.36,0.46,681.0,1
22.76,1.41,0.47,888.0,2
18.25,1.32,0.43,639.0,0
20.94,1.39,0.45,754.0,1
26.37,1.37,0.49,633.0,2
21.62,1.3,0.45,519.0,0
25.54,1.36,0.48,613.0,1
19.58,1.28,0.42,1234.0,2
17.23,1.13,0.39,793.0,0
20.15,1.23,0.43,927.0,1
21.84,1.5,0.49,830.0,2
19.07,1.41,0.41,763.0,0
21.4,1.46,0.47,792.0,1
20.96,1.33,0.42,671.0,2
18.46,1.31,0.41,591.0,0
18.93,1.31,0.41,625.0,1
25.81,1.4,0.51,568.0,2
20.77,1.3,0.51,457.0,0
23.04,1.36,0.5,553.0,1
30.75,1.33,0.42,892.0,2
19.8,1.27,0.43,495.0,0
23.92,1.3,0.45,598.0,1
26.67,1.48,0.47,747.0,2
17.84,1.38,0.44,464.0,0
21.16,1.43,0.45,635.0,1
30.36,1.31,0.44,911.0,2
22.79,1.19,0.48,547.0,0
28.04,1.24,0.47,701.0,1
25.3,1.26,0.39,1012.0,2
18.72,1.23,0.45,543.0,0
22.25,1.27,0.41,801.0,1
28.51,1.37,0.47,998.0,2
17.62,1.26,0.42,705.0,0
21.86,1.3,0.45,787.0,1
29.15,1.27,0.5,379.0,2
20.78,1.24,0.48,291.0,0
24.71,1.26,0.5,346.0,1
24.53,1.47,0.43,1055.0,2
21.5,1.43,0.43,559.0,0
22.88,1.47,0.43,778.0,1
25.22,1.55,0.42,782.0,2
18.87,1.48,0.39,585.0,0
22.54,1.53,0.41,699.0,1
29.92,1.4,0.42,1227.0,2
17.89,1.24,0.39,662.0,0
25.45,1.36,0.42,891.0,1
25.82,1.41,0.44,1059.0,2
25.03,1.3,0.42,701.0,0
25.08,1.37,0.43,878.0,1
29.73,1.37,0.45,773.0,2
17.64,1.21,0.41,441.0,0
21.62,1.29,0.43,627.0,1
21.09,1.3,0.4,1139.0,2
18.05,1.27,0.41,704.0,0
19.76,1.31,0.42,909.0,1
21.29,1.36,0.38,873.0,2
15.96,1.28,0.43,447.0,0
19.56,1.38,0.36,802.0,1
25.11,1.39,0.43,1281.0,2
19.55,1.32,0.43,528.0,0
22.41,1.37,0.44,874.0,1
29.94,1.52,0.47,569.0,2
20.94,1.43,0.44,356.0,0
24.45,1.52,0.47,489.0,1
24.36,1.39,0.4,1145.0,2
20.33,1.34,0.43,732.0,0
21.42,1.38,0.42,900.0,1
26.51,1.16,0.41,1087.0,2
18.84,1.1,0.42,716.0,0
23.26,1.14,0.42,884.0,1
21.82,1.32,0.38,1004.0,2
18.45,1.26,0.37,646.0,0
19.8,1.31,0.34,891.0,1
22.6,1.31,0.41,1130.0,2
16.84,1.25,0.42,657.0,0
20.36,1.28,0.42,937.0,1
26.09,1.63,0.49,574.0,2
14.37,1.39,0.45,417.0,0
20.76,1.57,0.47,519.0,1
29.86,1.38,0.43,866.0,2
20.52,1.3,0.44,513.0,0
25.56,1.33,0.43,767.0,1
19.37,1.33,0.43,872.0,2
16.5,1.26,0.44,561.0,0
17.54,1.31,0.43,807.0,1
15.22,1.34,0.43,1233.0,2
14.52,1.22,0.45,726.0,0
14.86,1.27,0.42,1026.0,1
23.5,1.48,0.38,987.0,2
18.7,1.4,0.35,636.0,0
22.28,1.47,0.39,780.0,1
24.54,1.31,0.4,1080.0,2
17.18,1.2,0.36,739.0,0
19.9,1.27,0.4,856.0,1
25.21,1.31,0.43,832.0,2
17.0,1.28,0.41,646.0,0
20.15,1.28,0.41,786.0,1
32.08,1.41,0.44,802.0,2
25.06,1.26,0.39,727.0,0
27.77,1.39,0.42,750.0,1
29.73,1.52,0.43,1130.0,2
22.28,1.34,0.4,713.0,0
27.03,1.41,0.43,838.0,1
19.05,1.28,0.46,743.0,2
14.42,1.21,0.44,476.0,0
18.0,1.28,0.45,630.0,1
19.93,1.36,0.44,917.0,2
17.13,1.29,0.45,617.0,0
19.39,1.34,0.46,737.0,1
25.6,1.42,0.46,717.0,2
18.0,1.36,0.41,504.0,0
22.44,1.42,0.44,651.0,1
19.91,1.38,0.43,737.0,2
17.8,1.19,0.46,463.0,0
19.5,1.25,0.44,585.0,1
30.8,1.37,0.44,801.0,2
27.39,1.33,0.43,630.0,0
29.48,1.39,0.44,737.0,1
26.28,1.29,0.42,841.0,2
19.75,1.23,0.4,711.0,0
25.12,1.28,0.42,779.0,1
29.53,1.39,0.42,886.0,2
21.46,1.33,0.39,558.0,0
24.67,1.37,0.42,765.0,1
26.2,1.31,0.37,1022.0,2
19.78,1.24,0.37,653.0,0
22.89,1.27,0.36,870.0,1
31.95,1.45,0.48,639.0,2
19.81,1.27,0.48,436.0,0
22.48,1.35,0.47,562.0,1
29.66,1.36,0.43,979.0,2
21.08,1.29,0.41,717.0,0
24.96,1.33,0.43,824.0,1
24.02,1.37,0.45,817.0,2
19.84,1.26,0.42,635.0,0
22.76,1.32,0.44,774.0,1
21.14,1.32,0.43,740.0,2
17.9,1.3,0.38,573.0,0
20.39,1.3,0.41,673.0,1
22.53,1.44,0.42,1104.0,2
18.59,1.41,0.39,688.0,0
19.97,1.43,0.41,839.0,1
27.09,1.54,0.46,894.0,2
20.65,1.48,0.46,537.0,0
25.5,1.56,0.47,714.0,1
19.36,1.35,0.44,697.0,2
15.85,1.12,0.44,428.0,0
19.1,1.29,0.46,554.0,1
21.79,1.34,0.43,1155.0,2
17.24,1.26,0.43,776.0,0
18.33,1.3,0.43,880.0,1
33.44,1.38,0.45,970.0,2
18.42,1.26,0.41,645.0,0
22.11,1.29,0.42,796.0,1
32.64,1.53,0.44,1110.0,2
24.73,1.49,0.44,643.0,0
27.93,1.54,0.43,866.0,1
23.72,1.42,0.45,783.0,2
20.26,1.33,0.46,466.0,0
22.7,1.37,0.45,613.0,1
19.32,1.31,0.4,831.0,2
17.86,1.2,0.41,411.0,0
20.38,1.27,0.4,734.0,1
18.29,1.47,0.56,567.0,2
16.11,1.36,0.52,419.0,0
16.61,1.49,0.56,515.0,1
28.65,1.29,0.42,1089.0,2
19.0,1.26,0.42,722.0,0
25.73,1.25,0.42,875.0,1
23.65,1.26,0.43,899.0,2
18.71,1.21,0.47,524.0,0
21.5,1.2,0.44,688.0,1
20.09,1.3,0.43,824.0,2
13.67,1.23,0.42,547.0,0
16.24,1.31,0.43,601.0,1
24.22,1.18,0.38,969.0,2
17.94,1.15,0.36,646.0,0
21.47,1.15,0.38,773.0,1
22.63,1.32,0.37,1177.0,2
18.2,1.27,0.4,637.0,0
20.28,1.28,0.38,913.0,1
27.55,1.28,0.46,1102.0,2
19.37,1.18,0.45,717.0,0
23.84,1.23,0.46,906.0,1
24.13,1.48,0.42,869.0,2
16.88,1.45,0.43,591.0,0
23.21,1.48,0.43,766.0,1
23.95,1.46,0.43,958.0,2
17.73,1.36,0.49,408.0,0
22.8,1.44,0.43,821.0,1
22.07,1.29,0.34,1236.0,2
19.82,1.21,0.34,793.0,0
20.24,1.24,0.32,992.0,1
23.93,1.43,0.4,1388.0,2
20.77,1.38,0.41,831.0,0
21.93,1.43,0.41,1053.0,1
29.89,1.42,0.35,1106.0,2
22.06,1.19,0.33,706.0,0
24.23,1.37,0.36,824.0,1
19.51,1.25,0.36,1171.0,2
15.72,1.21,0.34,676.0,0
19.02,1.26,0.37,894.0,1
21.25,1.4,0.4,999.0,2
16.71,1.22,0.4,535.0,0
18.88,1.34,0.39,812.0,1
22.18,1.39,0.39,1065.0,2
16.85,1.38,0.38,708.0,0
18.91,1.35,0.39,889.0,1
26.4,1.46,0.45,1162.0,2
17.02,1.3,0.41,681.0,0
25.51,1.41,0.45,842.0,1
24.29,1.39,0.45,1069.0,2
18.75,1.27,0.48,619.0,0
20.73,1.33,0.45,850.0,1
24.41,1.27,0.39,1123.0,2
17.3,1.26,0.41,623.0,0
21.87,1.27,0.41,853.0,1
26.03,1.46,0.37,833.0,2
21.71,1.43,0.33,608.0,0
23.67,1.48,0.36,734.0,1
27.41,1.48,0.51,658.0,2
19.0,1.3,0.46,475.0,0
22.25,1.41,0.46,623.0,1
20.26,1.28,0.44,689.0,2
18.7,1.23,0.42,580.0,0
19.93,1.25,0.43,658.0,1
24.55,1.41,0.42,1056.0,2
18.08,1.26,0.4,633.0,0
22.28,1.36,0.42,869.0,1
26.42,1.23,0.36,1295.0,2
17.25,1.12,0.38,690.0,0
21.46,1.2,0.39,837.0,1
22.79,1.23,0.45,889.0,2
17.92,1.26,0.44,717.0,0
20.35,1.23,0.44,794.0,1
22.16,1.42,0.46,1086.0,2
18.45,1.42,0.44,683.0,0
22.9,1.41,0.46,916.0,1
18.45,1.36,0.47,646.0,2
17.13,1.22,0.48,394.0,0
17.21,1.35,0.47,551.0,1
26.65,1.41,0.44,773.0,2
23.23,1.31,0.39,697.0,0
24.65,1.37,0.42,715.0,1
23.85,1.54,0.4,1002.0,2
19.0,1.45,0.36,798.0,0
21.76,1.53,0.39,914.0,1
32.77,1.42,0.43,885.0,2
22.52,1.47,0.43,518.0,0
27.11,1.47,0.43,705.0,1
25.06,1.59,0.46,752.0,2
20.0,1.44,0.41,580.0,0
21.89,1.57,0.47,613.0,1